Range,Num_Samples,MSE,R2
15_20,322,40.75380078043,-121.43570826020024
