Range,Num_Samples,MSE,R2
10_15,2662,6.009554501470049,-2.1868672246223557
