Range,Num_Samples,MSE,R2
5_10,12332,2.4677816310476746,-0.4141536574442575
