Range,Num_Samples,MSE,R2
10_15,776,17.930297131140332,0.07117405561538
