Range,Num_Samples,MSE,R2
0_5,3340,1.6090955737401704,0.73731415762329
