Range,Num_Samples,MSE,R2
0_5,3863,1.115902202616177,-0.1591544374713343
