Range,Num_Samples,MSE,R2
10_15,776,17.930297131140332,-8.711740556153808
