Range,Num_Samples,MSE,R2
5_10,8578,1.4606243147034623,0.02860143181063446
