Range,Num_Samples,MSE,R2
15_20,42,91.36503868792936,-145.92099897491033
