Range,Num_Samples,MSE,R2
0_5,3340,1.6608951683358215,-1.825433077319429
