Range,Num_Samples,MSE,R2
15_20,322,40.05057785388145,-119.32303176308866
