Range,Num_Samples,MSE,R2
5_10,12332,2.5486131712513047,-0.460473889663219
