Range,Num_Samples,MSE,R2
10_15,2662,5.772362199565616,-2.061084128273523
