Range( in ms),Num_Samples,MSE,R2
0_5 ,3863,1.115902203,0.591544375
