Range,Num_Samples,MSE,R2
5_10,8578,1.5400353616387465,-0.024211448623315146
