Range,Num_Samples,MSE,R2
15_20,42,85.79727267383052,-136.96766456387778
