Range,Num_Samples,MSE,R2
0_5,3863,1.2355460100212607,-0.2834356244287817
