Range,Num_Samples,MSE,R2
10_15,776,16.73205230942738,-8.062724940510696
